LnID,DID,BLID,FLID,BNID,FNID,JCT,BLID2,BLID3,BLID4,FLID2,FLID3,FLID4,ClossID,Span,LCnt,Lno,LaneType,LimitVel,RefVel,RoadSecID,LaneChgFG,LinkWAID
1,0,0,125,2,3,0,0,0,0,0,0,0,0,1,1,1,0,30,30,0,0,0
2,0,241,8,244,4,0,0,0,0,0,0,0,0,1.013,1,1,0,30,30,0,0,0
3,0,0,242,5,6,0,0,0,0,0,0,0,0,1,1,1,0,30,30,0,0,0
4,0,244,245,247,7,0,0,0,0,0,0,0,0,1,1,1,0,30,30,0,0,0
5,0,248,254,251,8,0,0,0,0,0,0,0,0,1,1,1,0,30,30,0,0,0
6,0,256,249,259,9,0,0,0,0,0,0,0,0,1.001,1,1,0,30,30,0,0,0
7,0,253,257,256,10,0,0,0,0,0,0,0,0,1,1,1,0,30,30,0,0,0
8,0,2,9,4,11,0,0,0,0,0,0,0,0,1,1,1,0,30,30,0,0,0
9,0,8,10,11,12,0,0,0,0,0,0,0,0,1,1,1,0,30,30,0,0,0
10,0,9,11,12,13,0,0,0,0,0,0,0,0,1,1,1,0,30,30,0,0,0
11,0,10,12,13,14,0,0,0,0,0,0,0,0,1,1,1,0,30,30,0,0,0
12,0,11,13,14,15,0,0,0,0,0,0,0,0,1,1,1,0,30,30,0,0,0
13,0,12,14,15,16,0,0,0,0,0,0,0,0,1,1,1,0,30,30,0,0,0
14,0,13,15,16,17,0,0,0,0,0,0,0,0,1,1,1,0,30,30,0,0,0
15,0,14,16,17,18,0,0,0,0,0,0,0,0,1,1,1,0,30,30,0,0,0
16,0,15,17,18,19,0,0,0,0,0,0,0,0,1,1,1,0,30,30,0,0,0
17,0,16,18,19,20,0,0,0,0,0,0,0,0,1,1,1,0,30,30,0,0,0
18,0,17,19,20,21,0,0,0,0,0,0,0,0,1,1,1,0,30,30,0,0,0
19,0,18,20,21,22,0,0,0,0,0,0,0,0,1,1,1,0,30,30,0,0,0
20,0,19,21,22,23,0,0,0,0,0,0,0,0,1,1,1,0,30,30,0,0,0
21,0,20,22,23,24,0,0,0,0,0,0,0,0,1,1,1,0,30,30,0,0,0
22,0,21,23,24,25,0,0,0,0,0,0,0,0,1,1,1,0,30,30,0,0,0
23,0,22,24,25,26,0,0,0,0,0,0,0,0,1,1,1,0,30,30,0,0,0
24,0,23,25,26,27,0,0,0,0,0,0,0,0,1,1,1,0,30,30,0,0,0
25,0,24,26,27,28,0,0,0,0,0,0,0,0,1,1,1,0,30,30,0,0,0
26,0,25,27,28,29,0,0,0,0,0,0,0,0,1,1,1,0,30,30,0,0,0
27,0,26,28,29,30,0,0,0,0,0,0,0,0,1,1,1,0,30,30,0,0,0
28,0,27,29,30,31,0,0,0,0,0,0,0,0,1,1,1,0,30,30,0,0,0
29,0,28,30,31,32,0,0,0,0,0,0,0,0,1,1,1,0,30,30,0,0,0
30,0,29,31,32,33,0,0,0,0,0,0,0,0,1,1,1,0,30,30,0,0,0
31,0,30,32,33,34,0,0,0,0,0,0,0,0,1,1,1,0,30,30,0,0,0
32,0,31,33,34,35,0,0,0,0,0,0,0,0,1,1,1,0,30,30,0,0,0
33,0,32,34,35,36,0,0,0,0,0,0,0,0,1,1,1,0,30,30,0,0,0
34,0,33,35,36,37,0,0,0,0,0,0,0,0,1,1,1,0,30,30,0,0,0
35,0,34,36,37,38,0,0,0,0,0,0,0,0,1,1,1,0,30,30,0,0,0
36,0,35,37,38,39,0,0,0,0,0,0,0,0,1,1,1,0,30,30,0,0,0
37,0,36,38,39,40,0,0,0,0,0,0,0,0,1,1,1,0,30,30,0,0,0
38,0,37,39,40,41,0,0,0,0,0,0,0,0,1,1,1,0,30,30,0,0,0
39,0,38,40,41,42,0,0,0,0,0,0,0,0,1,1,1,0,30,30,0,0,0
40,0,39,41,42,43,0,0,0,0,0,0,0,0,1,1,1,0,30,30,0,0,0
41,0,40,42,43,44,0,0,0,0,0,0,0,0,1,1,1,0,30,30,0,0,0
42,0,41,43,44,45,0,0,0,0,0,0,0,0,1,1,1,0,30,30,0,0,0
43,0,42,44,45,46,0,0,0,0,0,0,0,0,1,1,1,0,30,30,0,0,0
44,0,43,45,46,47,0,0,0,0,0,0,0,0,1,1,1,0,30,30,0,0,0
45,0,44,46,47,48,0,0,0,0,0,0,0,0,1,1,1,0,30,30,0,0,0
46,0,45,47,48,49,0,0,0,0,0,0,0,0,1,1,1,0,30,30,0,0,0
47,0,46,48,49,50,0,0,0,0,0,0,0,0,1,1,1,0,30,30,0,0,0
48,0,47,49,50,51,0,0,0,0,0,0,0,0,1,1,1,0,30,30,0,0,0
49,0,48,50,51,52,0,0,0,0,0,0,0,0,1,1,1,0,30,30,0,0,0
50,0,49,51,52,53,0,0,0,0,0,0,0,0,1,1,1,0,30,30,0,0,0
51,0,50,52,53,54,0,0,0,0,0,0,0,0,1,1,1,0,30,30,0,0,0
52,0,51,53,54,55,0,0,0,0,0,0,0,0,1,1,1,0,30,30,0,0,0
53,0,52,54,55,56,0,0,0,0,0,0,0,0,1,1,1,0,30,30,0,0,0
54,0,53,55,56,57,0,0,0,0,0,0,0,0,1,1,1,0,30,30,0,0,0
55,0,54,56,57,58,0,0,0,0,0,0,0,0,1,1,1,0,30,30,0,0,0
56,0,55,57,58,59,0,0,0,0,0,0,0,0,1,1,1,0,30,30,0,0,0
57,0,56,58,59,60,0,0,0,0,0,0,0,0,1,1,1,0,30,30,0,0,0
58,0,57,59,60,61,0,0,0,0,0,0,0,0,1,1,1,0,30,30,0,0,0
59,0,58,60,61,62,0,0,0,0,0,0,0,0,1,1,1,0,30,30,0,0,0
60,0,59,61,62,63,0,0,0,0,0,0,0,0,1,1,1,0,30,30,0,0,0
61,0,60,62,63,64,0,0,0,0,0,0,0,0,1,1,1,0,30,30,0,0,0
62,0,61,63,64,65,0,0,0,0,0,0,0,0,1,1,1,0,30,30,0,0,0
63,0,62,64,65,66,0,0,0,0,0,0,0,0,1,1,1,0,30,30,0,0,0
64,0,63,65,66,67,0,0,0,0,0,0,0,0,1,1,1,0,30,30,0,0,0
65,0,64,66,67,68,0,0,0,0,0,0,0,0,1,1,1,0,30,30,0,0,0
66,0,65,67,68,69,0,0,0,0,0,0,0,0,1,1,1,0,30,30,0,0,0
67,0,66,68,69,70,0,0,0,0,0,0,0,0,1,1,1,0,30,30,0,0,0
68,0,67,69,70,71,0,0,0,0,0,0,0,0,1,1,1,0,30,30,0,0,0
69,0,68,70,71,72,0,0,0,0,0,0,0,0,1,1,1,0,30,30,0,0,0
70,0,69,71,72,73,0,0,0,0,0,0,0,0,1,1,1,0,30,30,0,0,0
71,0,70,72,73,74,0,0,0,0,0,0,0,0,1,1,1,0,30,30,0,0,0
72,0,71,73,74,75,0,0,0,0,0,0,0,0,1,1,1,0,30,30,0,0,0
73,0,72,74,75,76,0,0,0,0,0,0,0,0,1,1,1,0,30,30,0,0,0
74,0,73,75,76,77,0,0,0,0,0,0,0,0,1,1,1,0,30,30,0,0,0
75,0,74,76,77,78,0,0,0,0,0,0,0,0,1,1,1,0,30,30,0,0,0
76,0,75,77,78,79,0,0,0,0,0,0,0,0,1,1,1,0,30,30,0,0,0
77,0,76,78,79,80,0,0,0,0,0,0,0,0,1,1,1,0,30,30,0,0,0
78,0,77,79,80,81,0,0,0,0,0,0,0,0,1,1,1,0,30,30,0,0,0
79,0,78,80,81,82,0,0,0,0,0,0,0,0,1,1,1,0,30,30,0,0,0
80,0,79,81,82,83,0,0,0,0,0,0,0,0,1,1,1,0,30,30,0,0,0
81,0,80,82,83,84,0,0,0,0,0,0,0,0,1,1,1,0,30,30,0,0,0
82,0,81,83,84,85,0,0,0,0,0,0,0,0,1,1,1,0,30,30,0,0,0
83,0,82,84,85,86,0,0,0,0,0,0,0,0,1,1,1,0,30,30,0,0,0
84,0,83,85,86,87,0,0,0,0,0,0,0,0,1,1,1,0,30,30,0,0,0
85,0,84,86,87,88,0,0,0,0,0,0,0,0,1,1,1,0,30,30,0,0,0
86,0,85,87,88,89,0,0,0,0,0,0,0,0,1,1,1,0,30,30,0,0,0
87,0,86,88,89,90,0,0,0,0,0,0,0,0,1,1,1,0,30,30,0,0,0
88,0,87,89,90,91,0,0,0,0,0,0,0,0,1,1,1,0,30,30,0,0,0
89,0,88,90,91,92,0,0,0,0,0,0,0,0,1,1,1,0,30,30,0,0,0
90,0,89,91,92,93,0,0,0,0,0,0,0,0,1,1,1,0,30,30,0,0,0
91,0,90,92,93,94,0,0,0,0,0,0,0,0,1,1,1,0,30,30,0,0,0
92,0,91,93,94,95,0,0,0,0,0,0,0,0,1,1,1,0,30,30,0,0,0
93,0,92,94,95,96,0,0,0,0,0,0,0,0,1,1,1,0,30,30,0,0,0
94,0,93,95,96,97,0,0,0,0,0,0,0,0,1,1,1,0,30,30,0,0,0
95,0,94,96,97,98,0,0,0,0,0,0,0,0,1,1,1,0,30,30,0,0,0
96,0,95,97,98,99,0,0,0,0,0,0,0,0,1,1,1,0,30,30,0,0,0
97,0,96,98,99,100,0,0,0,0,0,0,0,0,1,1,1,0,30,30,0,0,0
98,0,97,99,100,101,0,0,0,0,0,0,0,0,1,1,1,0,30,30,0,0,0
99,0,98,100,101,102,0,0,0,0,0,0,0,0,1,1,1,0,30,30,0,0,0
100,0,99,101,102,103,0,0,0,0,0,0,0,0,1,1,1,0,30,30,0,0,0
101,0,100,102,103,104,0,0,0,0,0,0,0,0,1,1,1,0,30,30,0,0,0
102,0,101,103,104,105,0,0,0,0,0,0,0,0,1,1,1,0,30,30,0,0,0
103,0,102,104,105,106,0,0,0,0,0,0,0,0,1,1,1,0,30,30,0,0,0
104,0,103,105,106,107,0,0,0,0,0,0,0,0,1,1,1,0,30,30,0,0,0
105,0,104,106,107,108,0,0,0,0,0,0,0,0,1,1,1,0,30,30,0,0,0
106,0,105,107,108,109,0,0,0,0,0,0,0,0,1,1,1,0,30,30,0,0,0
107,0,106,108,109,110,0,0,0,0,0,0,0,0,1,1,1,0,30,30,0,0,0
108,0,107,109,110,111,0,0,0,0,0,0,0,0,1,1,1,0,30,30,0,0,0
109,0,108,110,111,112,0,0,0,0,0,0,0,0,1,1,1,0,30,30,0,0,0
110,0,109,111,112,113,0,0,0,0,0,0,0,0,1,1,1,0,30,30,0,0,0
111,0,110,112,113,114,0,0,0,0,0,0,0,0,1,1,1,0,30,30,0,0,0
112,0,111,113,114,115,0,0,0,0,0,0,0,0,1,1,1,0,30,30,0,0,0
113,0,112,114,115,116,0,0,0,0,0,0,0,0,1,1,1,0,30,30,0,0,0
114,0,113,115,116,117,0,0,0,0,0,0,0,0,1,1,1,0,30,30,0,0,0
115,0,114,116,117,118,0,0,0,0,0,0,0,0,1,1,1,0,30,30,0,0,0
116,0,115,117,118,119,0,0,0,0,0,0,0,0,1,1,1,0,30,30,0,0,0
117,0,116,118,119,120,0,0,0,0,0,0,0,0,1,1,1,0,30,30,0,0,0
118,0,117,119,120,121,0,0,0,0,0,0,0,0,1,1,1,0,30,30,0,0,0
119,0,118,120,121,122,0,0,0,0,0,0,0,0,1,1,1,0,30,30,0,0,0
120,0,119,121,122,123,0,0,0,0,0,0,0,0,1,1,1,0,30,30,0,0,0
121,0,120,122,123,124,0,0,0,0,0,0,0,0,1,1,1,0,30,30,0,0,0
122,0,121,123,124,125,0,0,0,0,0,0,0,0,1,1,1,0,30,30,0,0,0
123,0,122,124,125,126,0,0,0,0,0,0,0,0,1,1,1,0,30,30,0,0,0
124,0,123,0,126,127,0,0,0,0,0,0,0,0,0.679,1,1,0,30,30,0,0,0
125,0,1,126,3,128,0,0,0,0,0,0,0,0,1,1,1,0,30,30,0,0,0
126,0,125,127,128,129,0,0,0,0,0,0,0,0,1,1,1,0,30,30,0,0,0
127,0,126,128,129,130,0,0,0,0,0,0,0,0,1,1,1,0,30,30,0,0,0
128,0,127,129,130,131,0,0,0,0,0,0,0,0,1,1,1,0,30,30,0,0,0
129,0,128,130,131,132,0,0,0,0,0,0,0,0,1,1,1,0,30,30,0,0,0
130,0,129,131,132,133,0,0,0,0,0,0,0,0,1,1,1,0,30,30,0,0,0
131,0,130,132,133,134,0,0,0,0,0,0,0,0,1,1,1,0,30,30,0,0,0
132,0,131,133,134,135,0,0,0,0,0,0,0,0,1,1,1,0,30,30,0,0,0
133,0,132,134,135,136,0,0,0,0,0,0,0,0,1,1,1,0,30,30,0,0,0
134,0,133,135,136,137,0,0,0,0,0,0,0,0,1,1,1,0,30,30,0,0,0
135,0,134,136,137,138,0,0,0,0,0,0,0,0,1,1,1,0,30,30,0,0,0
136,0,135,137,138,139,0,0,0,0,0,0,0,0,1,1,1,0,30,30,0,0,0
137,0,136,138,139,140,0,0,0,0,0,0,0,0,1,1,1,0,30,30,0,0,0
138,0,137,139,140,141,0,0,0,0,0,0,0,0,1,1,1,0,30,30,0,0,0
139,0,138,140,141,142,0,0,0,0,0,0,0,0,1,1,1,0,30,30,0,0,0
140,0,139,141,142,143,0,0,0,0,0,0,0,0,1,1,1,0,30,30,0,0,0
141,0,140,142,143,144,0,0,0,0,0,0,0,0,1,1,1,0,30,30,0,0,0
142,0,141,143,144,145,0,0,0,0,0,0,0,0,1,1,1,0,30,30,0,0,0
143,0,142,144,145,146,0,0,0,0,0,0,0,0,1,1,1,0,30,30,0,0,0
144,0,143,145,146,147,0,0,0,0,0,0,0,0,1,1,1,0,30,30,0,0,0
145,0,144,146,147,148,0,0,0,0,0,0,0,0,1,1,1,0,30,30,0,0,0
146,0,145,147,148,149,0,0,0,0,0,0,0,0,1,1,1,0,30,30,0,0,0
147,0,146,148,149,150,0,0,0,0,0,0,0,0,1,1,1,0,30,30,0,0,0
148,0,147,149,150,151,0,0,0,0,0,0,0,0,1,1,1,0,30,30,0,0,0
149,0,148,150,151,152,0,0,0,0,0,0,0,0,1,1,1,0,30,30,0,0,0
150,0,149,151,152,153,0,0,0,0,0,0,0,0,1,1,1,0,30,30,0,0,0
151,0,150,152,153,154,0,0,0,0,0,0,0,0,1,1,1,0,30,30,0,0,0
152,0,151,153,154,155,0,0,0,0,0,0,0,0,1,1,1,0,30,30,0,0,0
153,0,152,154,155,156,0,0,0,0,0,0,0,0,1,1,1,0,30,30,0,0,0
154,0,153,155,156,157,0,0,0,0,0,0,0,0,1,1,1,0,30,30,0,0,0
155,0,154,156,157,158,0,0,0,0,0,0,0,0,1,1,1,0,30,30,0,0,0
156,0,155,157,158,159,0,0,0,0,0,0,0,0,1,1,1,0,30,30,0,0,0
157,0,156,158,159,160,0,0,0,0,0,0,0,0,1,1,1,0,30,30,0,0,0
158,0,157,159,160,161,0,0,0,0,0,0,0,0,1,1,1,0,30,30,0,0,0
159,0,158,160,161,162,0,0,0,0,0,0,0,0,1,1,1,0,30,30,0,0,0
160,0,159,161,162,163,0,0,0,0,0,0,0,0,1,1,1,0,30,30,0,0,0
161,0,160,162,163,164,0,0,0,0,0,0,0,0,1,1,1,0,30,30,0,0,0
162,0,161,163,164,165,0,0,0,0,0,0,0,0,1,1,1,0,30,30,0,0,0
163,0,162,164,165,166,0,0,0,0,0,0,0,0,1,1,1,0,30,30,0,0,0
164,0,163,165,166,167,0,0,0,0,0,0,0,0,1,1,1,0,30,30,0,0,0
165,0,164,166,167,168,0,0,0,0,0,0,0,0,1,1,1,0,30,30,0,0,0
166,0,165,167,168,169,0,0,0,0,0,0,0,0,1,1,1,0,30,30,0,0,0
167,0,166,168,169,170,0,0,0,0,0,0,0,0,1,1,1,0,30,30,0,0,0
168,0,167,169,170,171,0,0,0,0,0,0,0,0,1,1,1,0,30,30,0,0,0
169,0,168,170,171,172,0,0,0,0,0,0,0,0,1,1,1,0,30,30,0,0,0
170,0,169,171,172,173,0,0,0,0,0,0,0,0,1,1,1,0,30,30,0,0,0
171,0,170,172,173,174,0,0,0,0,0,0,0,0,1,1,1,0,30,30,0,0,0
172,0,171,173,174,175,0,0,0,0,0,0,0,0,1,1,1,0,30,30,0,0,0
173,0,172,174,175,176,0,0,0,0,0,0,0,0,1,1,1,0,30,30,0,0,0
174,0,173,175,176,177,0,0,0,0,0,0,0,0,1,1,1,0,30,30,0,0,0
175,0,174,176,177,178,0,0,0,0,0,0,0,0,1,1,1,0,30,30,0,0,0
176,0,175,177,178,179,0,0,0,0,0,0,0,0,1,1,1,0,30,30,0,0,0
177,0,176,178,179,180,0,0,0,0,0,0,0,0,1,1,1,0,30,30,0,0,0
178,0,177,179,180,181,0,0,0,0,0,0,0,0,1,1,1,0,30,30,0,0,0
179,0,178,180,181,182,0,0,0,0,0,0,0,0,1,1,1,0,30,30,0,0,0
180,0,179,181,182,183,0,0,0,0,0,0,0,0,1,1,1,0,30,30,0,0,0
181,0,180,182,183,184,0,0,0,0,0,0,0,0,1,1,1,0,30,30,0,0,0
182,0,181,183,184,185,0,0,0,0,0,0,0,0,1,1,1,0,30,30,0,0,0
183,0,182,184,185,186,0,0,0,0,0,0,0,0,1,1,1,0,30,30,0,0,0
184,0,183,185,186,187,0,0,0,0,0,0,0,0,1,1,1,0,30,30,0,0,0
185,0,184,186,187,188,0,0,0,0,0,0,0,0,1,1,1,0,30,30,0,0,0
186,0,185,187,188,189,0,0,0,0,0,0,0,0,1,1,1,0,30,30,0,0,0
187,0,186,188,189,190,0,0,0,0,0,0,0,0,1,1,1,0,30,30,0,0,0
188,0,187,189,190,191,0,0,0,0,0,0,0,0,1,1,1,0,30,30,0,0,0
189,0,188,190,191,192,0,0,0,0,0,0,0,0,1,1,1,0,30,30,0,0,0
190,0,189,191,192,193,0,0,0,0,0,0,0,0,1,1,1,0,30,30,0,0,0
191,0,190,192,193,194,0,0,0,0,0,0,0,0,1,1,1,0,30,30,0,0,0
192,0,191,193,194,195,0,0,0,0,0,0,0,0,1,1,1,0,30,30,0,0,0
193,0,192,194,195,196,0,0,0,0,0,0,0,0,1,1,1,0,30,30,0,0,0
194,0,193,195,196,197,0,0,0,0,0,0,0,0,1,1,1,0,30,30,0,0,0
195,0,194,196,197,198,0,0,0,0,0,0,0,0,1,1,1,0,30,30,0,0,0
196,0,195,197,198,199,0,0,0,0,0,0,0,0,1,1,1,0,30,30,0,0,0
197,0,196,198,199,200,0,0,0,0,0,0,0,0,1,1,1,0,30,30,0,0,0
198,0,197,199,200,201,0,0,0,0,0,0,0,0,1,1,1,0,30,30,0,0,0
199,0,198,200,201,202,0,0,0,0,0,0,0,0,1,1,1,0,30,30,0,0,0
200,0,199,201,202,203,0,0,0,0,0,0,0,0,1,1,1,0,30,30,0,0,0
201,0,200,202,203,204,0,0,0,0,0,0,0,0,1,1,1,0,30,30,0,0,0
202,0,201,203,204,205,0,0,0,0,0,0,0,0,1,1,1,0,30,30,0,0,0
203,0,202,204,205,206,0,0,0,0,0,0,0,0,1,1,1,0,30,30,0,0,0
204,0,203,205,206,207,0,0,0,0,0,0,0,0,1,1,1,0,30,30,0,0,0
205,0,204,206,207,208,0,0,0,0,0,0,0,0,1,1,1,0,30,30,0,0,0
206,0,205,207,208,209,0,0,0,0,0,0,0,0,1,1,1,0,30,30,0,0,0
207,0,206,208,209,210,0,0,0,0,0,0,0,0,1,1,1,0,30,30,0,0,0
208,0,207,209,210,211,0,0,0,0,0,0,0,0,1,1,1,0,30,30,0,0,0
209,0,208,210,211,212,0,0,0,0,0,0,0,0,1,1,1,0,30,30,0,0,0
210,0,209,211,212,213,0,0,0,0,0,0,0,0,1,1,1,0,30,30,0,0,0
211,0,210,212,213,214,0,0,0,0,0,0,0,0,1,1,1,0,30,30,0,0,0
212,0,211,213,214,215,0,0,0,0,0,0,0,0,1,1,1,0,30,30,0,0,0
213,0,212,214,215,216,0,0,0,0,0,0,0,0,1,1,1,0,30,30,0,0,0
214,0,213,215,216,217,0,0,0,0,0,0,0,0,1,1,1,0,30,30,0,0,0
215,0,214,216,217,218,0,0,0,0,0,0,0,0,1,1,1,0,30,30,0,0,0
216,0,215,217,218,219,0,0,0,0,0,0,0,0,1,1,1,0,30,30,0,0,0
217,0,216,218,219,220,0,0,0,0,0,0,0,0,1,1,1,0,30,30,0,0,0
218,0,217,219,220,221,0,0,0,0,0,0,0,0,1,1,1,0,30,30,0,0,0
219,0,218,220,221,222,0,0,0,0,0,0,0,0,1,1,1,0,30,30,0,0,0
220,0,219,221,222,223,0,0,0,0,0,0,0,0,1,1,1,0,30,30,0,0,0
221,0,220,222,223,224,0,0,0,0,0,0,0,0,1,1,1,0,30,30,0,0,0
222,0,221,223,224,225,0,0,0,0,0,0,0,0,1,1,1,0,30,30,0,0,0
223,0,222,224,225,226,0,0,0,0,0,0,0,0,1,1,1,0,30,30,0,0,0
224,0,223,225,226,227,0,0,0,0,0,0,0,0,1,1,1,0,30,30,0,0,0
225,0,224,226,227,228,0,0,0,0,0,0,0,0,1,1,1,0,30,30,0,0,0
226,0,225,227,228,229,0,0,0,0,0,0,0,0,1,1,1,0,30,30,0,0,0
227,0,226,228,229,230,0,0,0,0,0,0,0,0,1,1,1,0,30,30,0,0,0
228,0,227,229,230,231,0,0,0,0,0,0,0,0,1,1,1,0,30,30,0,0,0
229,0,228,230,231,232,0,0,0,0,0,0,0,0,1,1,1,0,30,30,0,0,0
230,0,229,231,232,233,0,0,0,0,0,0,0,0,1,1,1,0,30,30,0,0,0
231,0,230,232,233,234,0,0,0,0,0,0,0,0,1,1,1,0,30,30,0,0,0
232,0,231,233,234,235,0,0,0,0,0,0,0,0,1,1,1,0,30,30,0,0,0
233,0,232,234,235,236,0,0,0,0,0,0,0,0,1,1,1,0,30,30,0,0,0
234,0,233,235,236,237,0,0,0,0,0,0,0,0,1,1,1,0,30,30,0,0,0
235,0,234,236,237,238,0,0,0,0,0,0,0,0,1,1,1,0,30,30,0,0,0
236,0,235,237,238,239,0,0,0,0,0,0,0,0,1,1,1,0,30,30,0,0,0
237,0,236,238,239,240,0,0,0,0,0,0,0,0,1,1,1,0,30,30,0,0,0
238,0,237,239,240,241,0,0,0,0,0,0,0,0,1,1,1,0,30,30,0,0,0
239,0,238,240,241,242,0,0,0,0,0,0,0,0,1,1,1,0,30,30,0,0,0
240,0,239,241,242,243,0,0,0,0,0,0,0,0,1,1,1,0,30,30,0,0,0
241,0,240,2,243,244,0,0,0,0,0,0,0,0,0.679,1,1,0,30,30,0,0,0
242,0,3,243,6,245,0,0,0,0,0,0,0,0,1,1,1,0,30,30,0,0,0
243,0,242,244,245,246,0,0,0,0,0,0,0,0,1,1,1,0,30,30,0,0,0
244,0,243,4,246,247,0,0,0,0,0,0,0,0,0.553,1,1,0,30,30,0,0,0
245,0,4,246,7,248,0,0,0,0,0,0,0,0,1,1,1,0,30,30,0,0,0
246,0,245,247,248,249,0,0,0,0,0,0,0,0,1,1,1,0,30,30,0,0,0
247,0,246,248,249,250,0,0,0,0,0,0,0,0,1,1,1,0,30,30,0,0,0
248,0,247,5,250,251,0,0,0,0,0,0,0,0,0.309,1,1,0,30,30,0,0,0
249,0,6,250,9,252,0,0,0,0,0,0,0,0,1,1,1,0,30,30,0,0,0
250,0,249,251,252,253,0,0,0,0,0,0,0,0,1,1,1,0,30,30,0,0,0
251,0,250,252,253,254,0,0,0,0,0,0,0,0,1,1,1,0,30,30,0,0,0
252,0,251,253,254,255,0,0,0,0,0,0,0,0,1,1,1,0,30,30,0,0,0
253,0,252,7,255,256,0,0,0,0,0,0,0,0,0.251,1,1,0,30,30,0,0,0
254,0,5,255,8,257,0,0,0,0,0,0,0,0,1,1,1,0,30,30,0,0,0
255,0,254,256,257,258,0,0,0,0,0,0,0,0,1,1,1,0,30,30,0,0,0
256,0,255,6,258,259,0,0,0,0,0,0,0,0,0.517,1,1,0,30,30,0,0,0
257,0,7,258,10,260,0,0,0,0,0,0,0,0,1,1,1,0,30,30,0,0,0
258,0,257,259,260,261,0,0,0,0,0,0,0,0,1,1,1,0,30,30,0,0,0
259,0,258,260,261,262,0,0,0,0,0,0,0,0,1,1,1,0,30,30,0,0,0
260,0,259,261,262,263,0,0,0,0,0,0,0,0,1,1,1,0,30,30,0,0,0
261,0,260,262,263,264,0,0,0,0,0,0,0,0,1,1,1,0,30,30,0,0,0
262,0,261,263,264,265,0,0,0,0,0,0,0,0,1,1,1,0,30,30,0,0,0
263,0,262,264,265,266,0,0,0,0,0,0,0,0,1,1,1,0,30,30,0,0,0
264,0,263,265,266,267,0,0,0,0,0,0,0,0,1,1,1,0,30,30,0,0,0
265,0,264,266,267,268,0,0,0,0,0,0,0,0,1,1,1,0,30,30,0,0,0
266,0,265,267,268,269,0,0,0,0,0,0,0,0,1,1,1,0,30,30,0,0,0
267,0,266,268,269,270,0,0,0,0,0,0,0,0,1,1,1,0,30,30,0,0,0
268,0,267,269,270,271,0,0,0,0,0,0,0,0,1,1,1,0,30,30,0,0,0
269,0,268,270,271,272,0,0,0,0,0,0,0,0,1,1,1,0,30,30,0,0,0
270,0,269,271,272,273,0,0,0,0,0,0,0,0,1,1,1,0,30,30,0,0,0
271,0,270,272,273,274,0,0,0,0,0,0,0,0,1,1,1,0,30,30,0,0,0
272,0,271,273,274,275,0,0,0,0,0,0,0,0,1,1,1,0,30,30,0,0,0
273,0,272,274,275,276,0,0,0,0,0,0,0,0,1,1,1,0,30,30,0,0,0
274,0,273,275,276,277,0,0,0,0,0,0,0,0,1,1,1,0,30,30,0,0,0
275,0,274,276,277,278,0,0,0,0,0,0,0,0,1,1,1,0,30,30,0,0,0
276,0,275,277,278,279,0,0,0,0,0,0,0,0,1,1,1,0,30,30,0,0,0
277,0,276,278,279,280,0,0,0,0,0,0,0,0,1,1,1,0,30,30,0,0,0
278,0,277,279,280,281,0,0,0,0,0,0,0,0,1,1,1,0,30,30,0,0,0
279,0,278,280,281,282,0,0,0,0,0,0,0,0,1,1,1,0,30,30,0,0,0
280,0,279,281,282,283,0,0,0,0,0,0,0,0,1,1,1,0,30,30,0,0,0
281,0,280,282,283,284,0,0,0,0,0,0,0,0,1,1,1,0,30,30,0,0,0
282,0,281,283,284,285,0,0,0,0,0,0,0,0,1,1,1,0,30,30,0,0,0
283,0,282,284,285,286,0,0,0,0,0,0,0,0,1,1,1,0,30,30,0,0,0
284,0,283,285,286,287,0,0,0,0,0,0,0,0,1,1,1,0,30,30,0,0,0
285,0,284,286,287,288,0,0,0,0,0,0,0,0,1,1,1,0,30,30,0,0,0
286,0,285,287,288,289,0,0,0,0,0,0,0,0,1,1,1,0,30,30,0,0,0
287,0,286,288,289,290,0,0,0,0,0,0,0,0,1,1,1,0,30,30,0,0,0
288,0,287,289,290,291,0,0,0,0,0,0,0,0,1,1,1,0,30,30,0,0,0
289,0,288,290,291,292,0,0,0,0,0,0,0,0,1,1,1,0,30,30,0,0,0
290,0,289,291,292,293,0,0,0,0,0,0,0,0,1,1,1,0,30,30,0,0,0
291,0,290,292,293,294,0,0,0,0,0,0,0,0,1,1,1,0,30,30,0,0,0
292,0,291,293,294,295,0,0,0,0,0,0,0,0,1,1,1,0,30,30,0,0,0
293,0,292,294,295,296,0,0,0,0,0,0,0,0,1,1,1,0,30,30,0,0,0
294,0,293,295,296,297,0,0,0,0,0,0,0,0,1,1,1,0,30,30,0,0,0
295,0,294,296,297,298,0,0,0,0,0,0,0,0,1,1,1,0,30,30,0,0,0
296,0,295,297,298,299,0,0,0,0,0,0,0,0,1,1,1,0,30,30,0,0,0
297,0,296,298,299,300,0,0,0,0,0,0,0,0,1,1,1,0,30,30,0,0,0
298,0,297,299,300,301,0,0,0,0,0,0,0,0,1,1,1,0,30,30,0,0,0
299,0,298,300,301,302,0,0,0,0,0,0,0,0,1,1,1,0,30,30,0,0,0
300,0,299,301,302,303,0,0,0,0,0,0,0,0,1,1,1,0,30,30,0,0,0
301,0,300,302,303,304,0,0,0,0,0,0,0,0,1,1,1,0,30,30,0,0,0
302,0,301,303,304,305,0,0,0,0,0,0,0,0,1,1,1,0,30,30,0,0,0
303,0,302,304,305,306,0,0,0,0,0,0,0,0,1,1,1,0,30,30,0,0,0
304,0,303,305,306,307,0,0,0,0,0,0,0,0,1,1,1,0,30,30,0,0,0
305,0,304,306,307,308,0,0,0,0,0,0,0,0,1,1,1,0,30,30,0,0,0
306,0,305,307,308,309,0,0,0,0,0,0,0,0,1,1,1,0,30,30,0,0,0
307,0,306,308,309,310,0,0,0,0,0,0,0,0,1,1,1,0,30,30,0,0,0
308,0,307,309,310,311,0,0,0,0,0,0,0,0,1,1,1,0,30,30,0,0,0
309,0,308,310,311,312,0,0,0,0,0,0,0,0,1,1,1,0,30,30,0,0,0
310,0,309,311,312,313,0,0,0,0,0,0,0,0,1,1,1,0,30,30,0,0,0
311,0,310,312,313,314,0,0,0,0,0,0,0,0,1,1,1,0,30,30,0,0,0
312,0,311,313,314,315,0,0,0,0,0,0,0,0,1,1,1,0,30,30,0,0,0
313,0,312,314,315,316,0,0,0,0,0,0,0,0,1,1,1,0,30,30,0,0,0
314,0,313,315,316,317,0,0,0,0,0,0,0,0,1,1,1,0,30,30,0,0,0
315,0,314,316,317,318,0,0,0,0,0,0,0,0,1,1,1,0,30,30,0,0,0
316,0,315,317,318,319,0,0,0,0,0,0,0,0,1,1,1,0,30,30,0,0,0
317,0,316,318,319,320,0,0,0,0,0,0,0,0,1,1,1,0,30,30,0,0,0
318,0,317,319,320,321,0,0,0,0,0,0,0,0,1,1,1,0,30,30,0,0,0
319,0,318,320,321,322,0,0,0,0,0,0,0,0,1,1,1,0,30,30,0,0,0
320,0,319,321,322,323,0,0,0,0,0,0,0,0,1,1,1,0,30,30,0,0,0
321,0,320,322,323,324,0,0,0,0,0,0,0,0,1,1,1,0,30,30,0,0,0
322,0,321,323,324,325,0,0,0,0,0,0,0,0,1,1,1,0,30,30,0,0,0
323,0,322,324,325,326,0,0,0,0,0,0,0,0,1,1,1,0,30,30,0,0,0
324,0,323,325,326,327,0,0,0,0,0,0,0,0,1,1,1,0,30,30,0,0,0
325,0,324,326,327,328,0,0,0,0,0,0,0,0,1,1,1,0,30,30,0,0,0
326,0,325,327,328,329,0,0,0,0,0,0,0,0,1,1,1,0,30,30,0,0,0
327,0,326,328,329,330,0,0,0,0,0,0,0,0,1,1,1,0,30,30,0,0,0
328,0,327,329,330,331,0,0,0,0,0,0,0,0,1,1,1,0,30,30,0,0,0
329,0,328,330,331,332,0,0,0,0,0,0,0,0,1,1,1,0,30,30,0,0,0
330,0,329,331,332,333,0,0,0,0,0,0,0,0,1,1,1,0,30,30,0,0,0
331,0,330,332,333,334,0,0,0,0,0,0,0,0,1,1,1,0,30,30,0,0,0
332,0,331,333,334,335,0,0,0,0,0,0,0,0,1,1,1,0,30,30,0,0,0
333,0,332,334,335,336,0,0,0,0,0,0,0,0,1,1,1,0,30,30,0,0,0
334,0,333,335,336,337,0,0,0,0,0,0,0,0,1,1,1,0,30,30,0,0,0
335,0,334,336,337,338,0,0,0,0,0,0,0,0,1,1,1,0,30,30,0,0,0
336,0,335,337,338,339,0,0,0,0,0,0,0,0,1,1,1,0,30,30,0,0,0
337,0,336,338,339,340,0,0,0,0,0,0,0,0,1,1,1,0,30,30,0,0,0
338,0,337,339,340,341,0,0,0,0,0,0,0,0,1,1,1,0,30,30,0,0,0
339,0,338,340,341,342,0,0,0,0,0,0,0,0,1,1,1,0,30,30,0,0,0
340,0,339,341,342,343,0,0,0,0,0,0,0,0,1,1,1,0,30,30,0,0,0
341,0,340,342,343,344,0,0,0,0,0,0,0,0,1,1,1,0,30,30,0,0,0
342,0,341,343,344,345,0,0,0,0,0,0,0,0,1,1,1,0,30,30,0,0,0
343,0,342,344,345,346,0,0,0,0,0,0,0,0,1,1,1,0,30,30,0,0,0
344,0,343,345,346,347,0,0,0,0,0,0,0,0,1,1,1,0,30,30,0,0,0
345,0,344,346,347,348,0,0,0,0,0,0,0,0,1,1,1,0,30,30,0,0,0
346,0,345,347,348,349,0,0,0,0,0,0,0,0,1,1,1,0,30,30,0,0,0
347,0,346,348,349,350,0,0,0,0,0,0,0,0,1,1,1,0,30,30,0,0,0
348,0,347,349,350,351,0,0,0,0,0,0,0,0,1,1,1,0,30,30,0,0,0
349,0,348,0,351,352,0,0,0,0,0,0,0,0,0.464,1,1,0,30,30,0,0,0
350,0,460,461,465,354,0,0,0,0,0,0,0,0,1,1,1,0,30,30,0,0,0
351,0,459,460,464,353,0,0,0,0,0,0,0,0,0.748,1,1,0,30,30,0,0,0
352,0,457,458,462,356,0,0,0,0,0,0,0,0,1,1,1,0,30,30,0,0,0
353,0,454,455,459,357,0,0,0,0,0,0,0,0,1,1,1,0,30,30,0,0,0
354,0,451,452,456,358,0,0,0,0,0,0,0,0,0.999,1,1,0,30,30,0,0,0
355,0,449,450,454,359,0,0,0,0,0,0,0,0,1,1,1,0,30,30,0,0,0
356,0,0,357,361,360,0,0,0,0,0,0,0,0,1,1,1,0,30,30,0,0,0
357,0,356,358,360,362,0,0,0,0,0,0,0,0,1,1,1,0,30,30,0,0,0
358,0,357,359,362,363,0,0,0,0,0,0,0,0,1,1,1,0,30,30,0,0,0
359,0,358,360,363,364,0,0,0,0,0,0,0,0,1,1,1,0,30,30,0,0,0
360,0,359,361,364,365,0,0,0,0,0,0,0,0,1,1,1,0,30,30,0,0,0
361,0,360,362,365,366,0,0,0,0,0,0,0,0,1,1,1,0,30,30,0,0,0
362,0,361,363,366,367,0,0,0,0,0,0,0,0,1,1,1,0,30,30,0,0,0
363,0,362,364,367,368,0,0,0,0,0,0,0,0,1,1,1,0,30,30,0,0,0
364,0,363,365,368,369,0,0,0,0,0,0,0,0,1,1,1,0,30,30,0,0,0
365,0,364,366,369,370,0,0,0,0,0,0,0,0,1,1,1,0,30,30,0,0,0
366,0,365,367,370,371,0,0,0,0,0,0,0,0,1,1,1,0,30,30,0,0,0
367,0,366,368,371,372,0,0,0,0,0,0,0,0,1,1,1,0,30,30,0,0,0
368,0,367,369,372,373,0,0,0,0,0,0,0,0,1,1,1,0,30,30,0,0,0
369,0,368,370,373,374,0,0,0,0,0,0,0,0,1,1,1,0,30,30,0,0,0
370,0,369,371,374,375,0,0,0,0,0,0,0,0,1,1,1,0,30,30,0,0,0
371,0,370,372,375,376,0,0,0,0,0,0,0,0,1,1,1,0,30,30,0,0,0
372,0,371,373,376,377,0,0,0,0,0,0,0,0,1,1,1,0,30,30,0,0,0
373,0,372,374,377,378,0,0,0,0,0,0,0,0,1,1,1,0,30,30,0,0,0
374,0,373,375,378,379,0,0,0,0,0,0,0,0,1,1,1,0,30,30,0,0,0
375,0,374,376,379,380,0,0,0,0,0,0,0,0,1,1,1,0,30,30,0,0,0
376,0,375,377,380,381,0,0,0,0,0,0,0,0,1,1,1,0,30,30,0,0,0
377,0,376,378,381,382,0,0,0,0,0,0,0,0,1,1,1,0,30,30,0,0,0
378,0,377,379,382,383,0,0,0,0,0,0,0,0,1,1,1,0,30,30,0,0,0
379,0,378,380,383,384,0,0,0,0,0,0,0,0,1,1,1,0,30,30,0,0,0
380,0,379,381,384,385,0,0,0,0,0,0,0,0,1,1,1,0,30,30,0,0,0
381,0,380,382,385,386,0,0,0,0,0,0,0,0,1,1,1,0,30,30,0,0,0
382,0,381,383,386,387,0,0,0,0,0,0,0,0,1,1,1,0,30,30,0,0,0
383,0,382,384,387,388,0,0,0,0,0,0,0,0,1,1,1,0,30,30,0,0,0
384,0,383,385,388,389,0,0,0,0,0,0,0,0,1,1,1,0,30,30,0,0,0
385,0,384,386,389,390,0,0,0,0,0,0,0,0,1,1,1,0,30,30,0,0,0
386,0,385,387,390,391,0,0,0,0,0,0,0,0,1,1,1,0,30,30,0,0,0
387,0,386,388,391,392,0,0,0,0,0,0,0,0,1,1,1,0,30,30,0,0,0
388,0,387,389,392,393,0,0,0,0,0,0,0,0,1,1,1,0,30,30,0,0,0
389,0,388,390,393,394,0,0,0,0,0,0,0,0,1,1,1,0,30,30,0,0,0
390,0,389,391,394,395,0,0,0,0,0,0,0,0,1,1,1,0,30,30,0,0,0
391,0,390,392,395,396,0,0,0,0,0,0,0,0,1,1,1,0,30,30,0,0,0
392,0,391,393,396,397,0,0,0,0,0,0,0,0,1,1,1,0,30,30,0,0,0
393,0,392,394,397,398,0,0,0,0,0,0,0,0,1,1,1,0,30,30,0,0,0
394,0,393,395,398,399,0,0,0,0,0,0,0,0,1,1,1,0,30,30,0,0,0
395,0,394,396,399,400,0,0,0,0,0,0,0,0,1,1,1,0,30,30,0,0,0
396,0,395,397,400,401,0,0,0,0,0,0,0,0,1,1,1,0,30,30,0,0,0
397,0,396,398,401,402,0,0,0,0,0,0,0,0,1,1,1,0,30,30,0,0,0
398,0,397,399,402,403,0,0,0,0,0,0,0,0,1,1,1,0,30,30,0,0,0
399,0,398,400,403,404,0,0,0,0,0,0,0,0,1,1,1,0,30,30,0,0,0
400,0,399,401,404,405,0,0,0,0,0,0,0,0,1,1,1,0,30,30,0,0,0
401,0,400,402,405,406,0,0,0,0,0,0,0,0,1,1,1,0,30,30,0,0,0
402,0,401,403,406,407,0,0,0,0,0,0,0,0,1,1,1,0,30,30,0,0,0
403,0,402,404,407,408,0,0,0,0,0,0,0,0,1,1,1,0,30,30,0,0,0
404,0,403,405,408,409,0,0,0,0,0,0,0,0,1,1,1,0,30,30,0,0,0
405,0,404,406,409,410,0,0,0,0,0,0,0,0,1,1,1,0,30,30,0,0,0
406,0,405,407,410,411,0,0,0,0,0,0,0,0,1,1,1,0,30,30,0,0,0
407,0,406,408,411,412,0,0,0,0,0,0,0,0,1,1,1,0,30,30,0,0,0
408,0,407,409,412,413,0,0,0,0,0,0,0,0,1,1,1,0,30,30,0,0,0
409,0,408,410,413,414,0,0,0,0,0,0,0,0,1,1,1,0,30,30,0,0,0
410,0,409,411,414,415,0,0,0,0,0,0,0,0,1,1,1,0,30,30,0,0,0
411,0,410,412,415,416,0,0,0,0,0,0,0,0,1,1,1,0,30,30,0,0,0
412,0,411,413,416,417,0,0,0,0,0,0,0,0,1,1,1,0,30,30,0,0,0
413,0,412,414,417,418,0,0,0,0,0,0,0,0,1,1,1,0,30,30,0,0,0
414,0,413,415,418,419,0,0,0,0,0,0,0,0,1,1,1,0,30,30,0,0,0
415,0,414,416,419,420,0,0,0,0,0,0,0,0,1,1,1,0,30,30,0,0,0
416,0,415,417,420,421,0,0,0,0,0,0,0,0,1,1,1,0,30,30,0,0,0
417,0,416,418,421,422,0,0,0,0,0,0,0,0,1,1,1,0,30,30,0,0,0
418,0,417,419,422,423,0,0,0,0,0,0,0,0,1,1,1,0,30,30,0,0,0
419,0,418,420,423,424,0,0,0,0,0,0,0,0,1,1,1,0,30,30,0,0,0
420,0,419,421,424,425,0,0,0,0,0,0,0,0,1,1,1,0,30,30,0,0,0
421,0,420,422,425,426,0,0,0,0,0,0,0,0,1,1,1,0,30,30,0,0,0
422,0,421,423,426,427,0,0,0,0,0,0,0,0,1,1,1,0,30,30,0,0,0
423,0,422,424,427,428,0,0,0,0,0,0,0,0,1,1,1,0,30,30,0,0,0
424,0,423,425,428,429,0,0,0,0,0,0,0,0,1,1,1,0,30,30,0,0,0
425,0,424,426,429,430,0,0,0,0,0,0,0,0,1,1,1,0,30,30,0,0,0
426,0,425,427,430,431,0,0,0,0,0,0,0,0,1,1,1,0,30,30,0,0,0
427,0,426,428,431,432,0,0,0,0,0,0,0,0,1,1,1,0,30,30,0,0,0
428,0,427,429,432,433,0,0,0,0,0,0,0,0,1,1,1,0,30,30,0,0,0
429,0,428,430,433,434,0,0,0,0,0,0,0,0,1,1,1,0,30,30,0,0,0
430,0,429,431,434,435,0,0,0,0,0,0,0,0,1,1,1,0,30,30,0,0,0
431,0,430,432,435,436,0,0,0,0,0,0,0,0,1,1,1,0,30,30,0,0,0
432,0,431,433,436,437,0,0,0,0,0,0,0,0,1,1,1,0,30,30,0,0,0
433,0,432,434,437,438,0,0,0,0,0,0,0,0,1,1,1,0,30,30,0,0,0
434,0,433,435,438,439,0,0,0,0,0,0,0,0,1,1,1,0,30,30,0,0,0
435,0,434,436,439,440,0,0,0,0,0,0,0,0,1,1,1,0,30,30,0,0,0
436,0,435,437,440,441,0,0,0,0,0,0,0,0,1,1,1,0,30,30,0,0,0
437,0,436,438,441,442,0,0,0,0,0,0,0,0,1,1,1,0,30,30,0,0,0
438,0,437,439,442,443,0,0,0,0,0,0,0,0,1,1,1,0,30,30,0,0,0
439,0,438,440,443,444,0,0,0,0,0,0,0,0,1,1,1,0,30,30,0,0,0
440,0,439,441,444,445,0,0,0,0,0,0,0,0,1,1,1,0,30,30,0,0,0
441,0,440,442,445,446,0,0,0,0,0,0,0,0,1,1,1,0,30,30,0,0,0
442,0,441,443,446,447,0,0,0,0,0,0,0,0,1,1,1,0,30,30,0,0,0
443,0,442,444,447,448,0,0,0,0,0,0,0,0,1,1,1,0,30,30,0,0,0
444,0,443,445,448,449,0,0,0,0,0,0,0,0,1,1,1,0,30,30,0,0,0
445,0,444,446,449,450,0,0,0,0,0,0,0,0,1,1,1,0,30,30,0,0,0
446,0,445,447,450,451,0,0,0,0,0,0,0,0,1,1,1,0,30,30,0,0,0
447,0,446,448,451,452,0,0,0,0,0,0,0,0,1,1,1,0,30,30,0,0,0
448,0,447,449,452,453,0,0,0,0,0,0,0,0,1,1,1,0,30,30,0,0,0
449,0,448,355,453,454,0,0,0,0,0,0,0,0,0.877,1,1,0,30,30,0,0,0
450,0,355,451,359,455,0,0,0,0,0,0,0,0,1,1,1,0,30,30,0,0,0
451,0,450,354,455,456,0,0,0,0,0,0,0,0,0.153,1,1,0,30,30,0,0,0
452,0,354,453,358,457,0,0,0,0,0,0,0,0,0.999,1,1,0,30,30,0,0,0
453,0,452,454,457,458,0,0,0,0,0,0,0,0,0.999,1,1,0,30,30,0,0,0
454,0,453,353,458,459,0,0,0,0,0,0,0,0,0.583,1,1,0,30,30,0,0,0
455,0,353,456,357,460,0,0,0,0,0,0,0,0,1,1,1,0,30,30,0,0,0
456,0,455,457,460,461,0,0,0,0,0,0,0,0,1,1,1,0,30,30,0,0,0
457,0,456,352,461,462,0,0,0,0,0,0,0,0,0.774,1,1,0,30,30,0,0,0
458,0,352,459,356,463,0,0,0,0,0,0,0,0,1,1,1,0,30,30,0,0,0
459,0,458,351,463,464,0,0,0,0,0,0,0,0,0.147,1,1,0,30,30,0,0,0
460,0,351,350,353,465,0,0,0,0,0,0,0,0,1.209,1,1,0,30,30,0,0,0
461,0,350,462,354,466,0,0,0,0,0,0,0,0,1,1,1,0,30,30,0,0,0
462,0,461,463,466,467,0,0,0,0,0,0,0,0,1,1,1,0,30,30,0,0,0
463,0,462,464,467,468,0,0,0,0,0,0,0,0,1,1,1,0,30,30,0,0,0
464,0,463,465,468,469,0,0,0,0,0,0,0,0,1,1,1,0,30,30,0,0,0
465,0,464,466,469,470,0,0,0,0,0,0,0,0,1,1,1,0,30,30,0,0,0
466,0,465,467,470,471,0,0,0,0,0,0,0,0,1,1,1,0,30,30,0,0,0
467,0,466,468,471,472,0,0,0,0,0,0,0,0,1,1,1,0,30,30,0,0,0
468,0,467,469,472,473,0,0,0,0,0,0,0,0,1,1,1,0,30,30,0,0,0
469,0,468,470,473,474,0,0,0,0,0,0,0,0,1,1,1,0,30,30,0,0,0
470,0,469,471,474,475,0,0,0,0,0,0,0,0,1,1,1,0,30,30,0,0,0
471,0,470,472,475,476,0,0,0,0,0,0,0,0,1,1,1,0,30,30,0,0,0
472,0,471,473,476,477,0,0,0,0,0,0,0,0,1,1,1,0,30,30,0,0,0
473,0,472,474,477,478,0,0,0,0,0,0,0,0,1,1,1,0,30,30,0,0,0
474,0,473,475,478,479,0,0,0,0,0,0,0,0,1,1,1,0,30,30,0,0,0
475,0,474,476,479,480,0,0,0,0,0,0,0,0,1,1,1,0,30,30,0,0,0
476,0,475,477,480,481,0,0,0,0,0,0,0,0,1,1,1,0,30,30,0,0,0
477,0,476,478,481,482,0,0,0,0,0,0,0,0,1,1,1,0,30,30,0,0,0
478,0,477,479,482,483,0,0,0,0,0,0,0,0,1,1,1,0,30,30,0,0,0
479,0,478,480,483,484,0,0,0,0,0,0,0,0,1,1,1,0,30,30,0,0,0
480,0,479,481,484,485,0,0,0,0,0,0,0,0,1,1,1,0,30,30,0,0,0
481,0,480,482,485,486,0,0,0,0,0,0,0,0,1,1,1,0,30,30,0,0,0
482,0,481,483,486,487,0,0,0,0,0,0,0,0,1,1,1,0,30,30,0,0,0
483,0,482,484,487,488,0,0,0,0,0,0,0,0,1,1,1,0,30,30,0,0,0
484,0,483,485,488,489,0,0,0,0,0,0,0,0,1,1,1,0,30,30,0,0,0
485,0,484,486,489,490,0,0,0,0,0,0,0,0,1,1,1,0,30,30,0,0,0
486,0,485,487,490,491,0,0,0,0,0,0,0,0,1,1,1,0,30,30,0,0,0
487,0,486,488,491,492,0,0,0,0,0,0,0,0,1,1,1,0,30,30,0,0,0
488,0,487,489,492,493,0,0,0,0,0,0,0,0,1,1,1,0,30,30,0,0,0
489,0,488,490,493,494,0,0,0,0,0,0,0,0,1,1,1,0,30,30,0,0,0
490,0,489,491,494,495,0,0,0,0,0,0,0,0,1,1,1,0,30,30,0,0,0
491,0,490,492,495,496,0,0,0,0,0,0,0,0,1,1,1,0,30,30,0,0,0
492,0,491,493,496,497,0,0,0,0,0,0,0,0,1,1,1,0,30,30,0,0,0
493,0,492,494,497,498,0,0,0,0,0,0,0,0,1,1,1,0,30,30,0,0,0
494,0,493,495,498,499,0,0,0,0,0,0,0,0,1,1,1,0,30,30,0,0,0
495,0,494,496,499,500,0,0,0,0,0,0,0,0,1,1,1,0,30,30,0,0,0
496,0,495,497,500,501,0,0,0,0,0,0,0,0,1,1,1,0,30,30,0,0,0
497,0,496,498,501,502,0,0,0,0,0,0,0,0,1,1,1,0,30,30,0,0,0
498,0,497,499,502,503,0,0,0,0,0,0,0,0,1,1,1,0,30,30,0,0,0
499,0,498,500,503,504,0,0,0,0,0,0,0,0,1,1,1,0,30,30,0,0,0
500,0,499,501,504,505,0,0,0,0,0,0,0,0,1,1,1,0,30,30,0,0,0
501,0,500,502,505,506,0,0,0,0,0,0,0,0,1,1,1,0,30,30,0,0,0
502,0,501,503,506,507,0,0,0,0,0,0,0,0,1,1,1,0,30,30,0,0,0
503,0,502,504,507,508,0,0,0,0,0,0,0,0,1,1,1,0,30,30,0,0,0
504,0,503,505,508,509,0,0,0,0,0,0,0,0,1,1,1,0,30,30,0,0,0
505,0,504,506,509,510,0,0,0,0,0,0,0,0,1,1,1,0,30,30,0,0,0
506,0,505,507,510,511,0,0,0,0,0,0,0,0,1,1,1,0,30,30,0,0,0
507,0,506,508,511,512,0,0,0,0,0,0,0,0,1,1,1,0,30,30,0,0,0
508,0,507,509,512,513,0,0,0,0,0,0,0,0,1,1,1,0,30,30,0,0,0
509,0,508,510,513,514,0,0,0,0,0,0,0,0,1,1,1,0,30,30,0,0,0
510,0,509,511,514,515,0,0,0,0,0,0,0,0,1,1,1,0,30,30,0,0,0
511,0,510,512,515,516,0,0,0,0,0,0,0,0,1,1,1,0,30,30,0,0,0
512,0,511,513,516,517,0,0,0,0,0,0,0,0,1,1,1,0,30,30,0,0,0
513,0,512,514,517,518,0,0,0,0,0,0,0,0,1,1,1,0,30,30,0,0,0
514,0,513,515,518,519,0,0,0,0,0,0,0,0,1,1,1,0,30,30,0,0,0
515,0,514,516,519,520,0,0,0,0,0,0,0,0,1,1,1,0,30,30,0,0,0
516,0,515,517,520,521,0,0,0,0,0,0,0,0,1,1,1,0,30,30,0,0,0
517,0,516,518,521,522,0,0,0,0,0,0,0,0,1,1,1,0,30,30,0,0,0
518,0,517,519,522,523,0,0,0,0,0,0,0,0,1,1,1,0,30,30,0,0,0
519,0,518,520,523,524,0,0,0,0,0,0,0,0,1,1,1,0,30,30,0,0,0
520,0,519,521,524,525,0,0,0,0,0,0,0,0,1,1,1,0,30,30,0,0,0
521,0,520,522,525,526,0,0,0,0,0,0,0,0,1,1,1,0,30,30,0,0,0
522,0,521,523,526,527,0,0,0,0,0,0,0,0,1,1,1,0,30,30,0,0,0
523,0,522,524,527,528,0,0,0,0,0,0,0,0,1,1,1,0,30,30,0,0,0
524,0,523,525,528,529,0,0,0,0,0,0,0,0,1,1,1,0,30,30,0,0,0
525,0,524,526,529,530,0,0,0,0,0,0,0,0,1,1,1,0,30,30,0,0,0
526,0,525,527,530,531,0,0,0,0,0,0,0,0,1,1,1,0,30,30,0,0,0
527,0,526,528,531,532,0,0,0,0,0,0,0,0,1,1,1,0,30,30,0,0,0
528,0,527,529,532,533,0,0,0,0,0,0,0,0,1,1,1,0,30,30,0,0,0
529,0,528,530,533,534,0,0,0,0,0,0,0,0,1,1,1,0,30,30,0,0,0
530,0,529,531,534,535,0,0,0,0,0,0,0,0,1,1,1,0,30,30,0,0,0
531,0,530,532,535,536,0,0,0,0,0,0,0,0,1,1,1,0,30,30,0,0,0
532,0,531,533,536,537,0,0,0,0,0,0,0,0,1,1,1,0,30,30,0,0,0
533,0,532,534,537,538,0,0,0,0,0,0,0,0,1,1,1,0,30,30,0,0,0
534,0,533,535,538,539,0,0,0,0,0,0,0,0,1,1,1,0,30,30,0,0,0
535,0,534,536,539,540,0,0,0,0,0,0,0,0,1,1,1,0,30,30,0,0,0
536,0,535,537,540,541,0,0,0,0,0,0,0,0,1,1,1,0,30,30,0,0,0
537,0,536,538,541,542,0,0,0,0,0,0,0,0,1,1,1,0,30,30,0,0,0
538,0,537,539,542,543,0,0,0,0,0,0,0,0,1,1,1,0,30,30,0,0,0
539,0,538,540,543,544,0,0,0,0,0,0,0,0,1,1,1,0,30,30,0,0,0
540,0,539,541,544,545,0,0,0,0,0,0,0,0,1,1,1,0,30,30,0,0,0
541,0,540,542,545,546,0,0,0,0,0,0,0,0,1,1,1,0,30,30,0,0,0
542,0,541,543,546,547,0,0,0,0,0,0,0,0,1,1,1,0,30,30,0,0,0
543,0,542,544,547,548,0,0,0,0,0,0,0,0,1,1,1,0,30,30,0,0,0
544,0,543,545,548,549,0,0,0,0,0,0,0,0,1,1,1,0,30,30,0,0,0
545,0,544,546,549,550,0,0,0,0,0,0,0,0,1,1,1,0,30,30,0,0,0
546,0,545,547,550,551,0,0,0,0,0,0,0,0,1,1,1,0,30,30,0,0,0
547,0,546,548,551,552,0,0,0,0,0,0,0,0,1,1,1,0,30,30,0,0,0
548,0,547,549,552,553,0,0,0,0,0,0,0,0,1,1,1,0,30,30,0,0,0
549,0,548,550,553,554,0,0,0,0,0,0,0,0,1,1,1,0,30,30,0,0,0
550,0,549,551,554,555,0,0,0,0,0,0,0,0,1,1,1,0,30,30,0,0,0
551,0,550,552,555,556,0,0,0,0,0,0,0,0,1,1,1,0,30,30,0,0,0
552,0,551,553,556,557,0,0,0,0,0,0,0,0,1,1,1,0,30,30,0,0,0
553,0,552,554,557,558,0,0,0,0,0,0,0,0,1,1,1,0,30,30,0,0,0
554,0,553,555,558,559,0,0,0,0,0,0,0,0,1,1,1,0,30,30,0,0,0
555,0,554,556,559,560,0,0,0,0,0,0,0,0,1,1,1,0,30,30,0,0,0
556,0,555,557,560,561,0,0,0,0,0,0,0,0,1,1,1,0,30,30,0,0,0
557,0,556,558,561,562,0,0,0,0,0,0,0,0,1,1,1,0,30,30,0,0,0
558,0,557,559,562,563,0,0,0,0,0,0,0,0,1,1,1,0,30,30,0,0,0
559,0,558,560,563,564,0,0,0,0,0,0,0,0,1,1,1,0,30,30,0,0,0
560,0,559,561,564,565,0,0,0,0,0,0,0,0,1,1,1,0,30,30,0,0,0
561,0,560,562,565,566,0,0,0,0,0,0,0,0,1,1,1,0,30,30,0,0,0
562,0,561,563,566,567,0,0,0,0,0,0,0,0,1,1,1,0,30,30,0,0,0
563,0,562,564,567,568,0,0,0,0,0,0,0,0,1,1,1,0,30,30,0,0,0
564,0,563,565,568,569,0,0,0,0,0,0,0,0,1,1,1,0,30,30,0,0,0
565,0,564,566,569,570,0,0,0,0,0,0,0,0,1,1,1,0,30,30,0,0,0
566,0,565,567,570,571,0,0,0,0,0,0,0,0,1,1,1,0,30,30,0,0,0
567,0,566,568,571,572,0,0,0,0,0,0,0,0,1,1,1,0,30,30,0,0,0
568,0,567,569,572,573,0,0,0,0,0,0,0,0,1,1,1,0,30,30,0,0,0
569,0,568,570,573,574,0,0,0,0,0,0,0,0,1,1,1,0,30,30,0,0,0
570,0,569,571,574,575,0,0,0,0,0,0,0,0,1,1,1,0,30,30,0,0,0
571,0,570,572,575,576,0,0,0,0,0,0,0,0,1,1,1,0,30,30,0,0,0
572,0,571,573,576,577,0,0,0,0,0,0,0,0,1,1,1,0,30,30,0,0,0
573,0,572,574,577,578,0,0,0,0,0,0,0,0,1,1,1,0,30,30,0,0,0
574,0,573,575,578,579,0,0,0,0,0,0,0,0,1,1,1,0,30,30,0,0,0
575,0,574,576,579,580,0,0,0,0,0,0,0,0,1,1,1,0,30,30,0,0,0
576,0,575,577,580,581,0,0,0,0,0,0,0,0,1,1,1,0,30,30,0,0,0
577,0,576,578,581,582,0,0,0,0,0,0,0,0,1,1,1,0,30,30,0,0,0
578,0,577,0,582,583,0,0,0,0,0,0,0,0,0.027,1,1,0,30,30,0,0,0
579,0,607,608,613,585,0,0,0,0,0,0,0,0,1,1,1,0,30,30,0,0,0
580,0,0,581,586,584,0,0,0,0,0,0,0,0,1,1,1,0,30,30,0,0,0
581,0,580,582,584,587,0,0,0,0,0,0,0,0,1,1,1,0,30,30,0,0,0
582,0,581,583,587,588,0,0,0,0,0,0,0,0,1,1,1,0,30,30,0,0,0
583,0,582,584,588,589,0,0,0,0,0,0,0,0,1,1,1,0,30,30,0,0,0
584,0,583,585,589,590,0,0,0,0,0,0,0,0,1,1,1,0,30,30,0,0,0
585,0,584,586,590,591,0,0,0,0,0,0,0,0,1,1,1,0,30,30,0,0,0
586,0,585,587,591,592,0,0,0,0,0,0,0,0,1,1,1,0,30,30,0,0,0
587,0,586,588,592,593,0,0,0,0,0,0,0,0,1,1,1,0,30,30,0,0,0
588,0,587,589,593,594,0,0,0,0,0,0,0,0,1,1,1,0,30,30,0,0,0
589,0,588,590,594,595,0,0,0,0,0,0,0,0,1,1,1,0,30,30,0,0,0
590,0,589,591,595,596,0,0,0,0,0,0,0,0,1,1,1,0,30,30,0,0,0
591,0,590,592,596,597,0,0,0,0,0,0,0,0,1,1,1,0,30,30,0,0,0
592,0,591,593,597,598,0,0,0,0,0,0,0,0,1,1,1,0,30,30,0,0,0
593,0,592,594,598,599,0,0,0,0,0,0,0,0,1,1,1,0,30,30,0,0,0
594,0,593,595,599,600,0,0,0,0,0,0,0,0,1,1,1,0,30,30,0,0,0
595,0,594,596,600,601,0,0,0,0,0,0,0,0,1,1,1,0,30,30,0,0,0
596,0,595,597,601,602,0,0,0,0,0,0,0,0,1,1,1,0,30,30,0,0,0
597,0,596,598,602,603,0,0,0,0,0,0,0,0,1,1,1,0,30,30,0,0,0
598,0,597,599,603,604,0,0,0,0,0,0,0,0,1,1,1,0,30,30,0,0,0
599,0,598,600,604,605,0,0,0,0,0,0,0,0,1,1,1,0,30,30,0,0,0
600,0,599,601,605,606,0,0,0,0,0,0,0,0,1,1,1,0,30,30,0,0,0
601,0,600,602,606,607,0,0,0,0,0,0,0,0,1,1,1,0,30,30,0,0,0
602,0,601,603,607,608,0,0,0,0,0,0,0,0,1,1,1,0,30,30,0,0,0
603,0,602,604,608,609,0,0,0,0,0,0,0,0,1,1,1,0,30,30,0,0,0
604,0,603,605,609,610,0,0,0,0,0,0,0,0,1,1,1,0,30,30,0,0,0
605,0,604,606,610,611,0,0,0,0,0,0,0,0,1,1,1,0,30,30,0,0,0
606,0,605,607,611,612,0,0,0,0,0,0,0,0,1,1,1,0,30,30,0,0,0
607,0,606,579,612,613,0,0,0,0,0,0,0,0,0.302,1,1,0,30,30,0,0,0
608,0,579,609,585,614,0,0,0,0,0,0,0,0,1,1,1,0,30,30,0,0,0
609,0,608,610,614,615,0,0,0,0,0,0,0,0,1,1,1,0,30,30,0,0,0
610,0,609,611,615,616,0,0,0,0,0,0,0,0,1,1,1,0,30,30,0,0,0
611,0,610,612,616,617,0,0,0,0,0,0,0,0,1,1,1,0,30,30,0,0,0
612,0,611,613,617,618,0,0,0,0,0,0,0,0,1,1,1,0,30,30,0,0,0
613,0,612,614,618,619,0,0,0,0,0,0,0,0,1,1,1,0,30,30,0,0,0
614,0,613,615,619,620,0,0,0,0,0,0,0,0,1,1,1,0,30,30,0,0,0
615,0,614,616,620,621,0,0,0,0,0,0,0,0,1,1,1,0,30,30,0,0,0
616,0,615,617,621,622,0,0,0,0,0,0,0,0,1,1,1,0,30,30,0,0,0
617,0,616,618,622,623,0,0,0,0,0,0,0,0,1,1,1,0,30,30,0,0,0
618,0,617,619,623,624,0,0,0,0,0,0,0,0,1,1,1,0,30,30,0,0,0
619,0,618,620,624,625,0,0,0,0,0,0,0,0,1,1,1,0,30,30,0,0,0
620,0,619,621,625,626,0,0,0,0,0,0,0,0,1,1,1,0,30,30,0,0,0
621,0,620,622,626,627,0,0,0,0,0,0,0,0,1,1,1,0,30,30,0,0,0
622,0,621,623,627,628,0,0,0,0,0,0,0,0,1,1,1,0,30,30,0,0,0
623,0,622,624,628,629,0,0,0,0,0,0,0,0,1,1,1,0,30,30,0,0,0
624,0,623,625,629,630,0,0,0,0,0,0,0,0,1,1,1,0,30,30,0,0,0
625,0,624,626,630,631,0,0,0,0,0,0,0,0,1,1,1,0,30,30,0,0,0
626,0,625,0,631,632,0,0,0,0,0,0,0,0,0.675,1,1,0,30,30,0,0,0
627,0,0,629,633,634,0,0,0,0,0,0,0,0,1,1,1,0,30,30,0,0,0
629,0,627,630,634,636,0,0,0,0,0,0,0,0,1,1,1,0,30,30,0,0,0
630,0,629,631,636,637,0,0,0,0,0,0,0,0,1,1,1,0,30,30,0,0,0
631,0,630,632,637,638,0,0,0,0,0,0,0,0,1,1,1,0,30,30,0,0,0
632,0,631,633,638,639,0,0,0,0,0,0,0,0,1,1,1,0,30,30,0,0,0
633,0,632,634,639,640,0,0,0,0,0,0,0,0,1,1,1,0,30,30,0,0,0
634,0,633,635,640,641,0,0,0,0,0,0,0,0,1,1,1,0,30,30,0,0,0
635,0,634,636,641,642,0,0,0,0,0,0,0,0,1,1,1,0,30,30,0,0,0
636,0,635,637,642,643,0,0,0,0,0,0,0,0,1,1,1,0,30,30,0,0,0
637,0,636,638,643,644,0,0,0,0,0,0,0,0,1,1,1,0,30,30,0,0,0
638,0,637,639,644,645,0,0,0,0,0,0,0,0,1,1,1,0,30,30,0,0,0
639,0,638,640,645,646,0,0,0,0,0,0,0,0,1,1,1,0,30,30,0,0,0
640,0,639,641,646,647,0,0,0,0,0,0,0,0,1,1,1,0,30,30,0,0,0
641,0,640,642,647,648,0,0,0,0,0,0,0,0,1,1,1,0,30,30,0,0,0
642,0,641,643,648,649,0,0,0,0,0,0,0,0,1,1,1,0,30,30,0,0,0
643,0,642,644,649,650,0,0,0,0,0,0,0,0,1,1,1,0,30,30,0,0,0
644,0,643,645,650,651,0,0,0,0,0,0,0,0,1,1,1,0,30,30,0,0,0
645,0,644,646,651,652,0,0,0,0,0,0,0,0,1,1,1,0,30,30,0,0,0
646,0,645,647,652,653,0,0,0,0,0,0,0,0,1,1,1,0,30,30,0,0,0
647,0,646,648,653,654,0,0,0,0,0,0,0,0,1,1,1,0,30,30,0,0,0
648,0,647,649,654,655,0,0,0,0,0,0,0,0,1,1,1,0,30,30,0,0,0
649,0,648,650,655,656,0,0,0,0,0,0,0,0,1,1,1,0,30,30,0,0,0
650,0,649,651,656,657,0,0,0,0,0,0,0,0,1,1,1,0,30,30,0,0,0
651,0,650,652,657,658,0,0,0,0,0,0,0,0,1,1,1,0,30,30,0,0,0
652,0,651,653,658,659,0,0,0,0,0,0,0,0,1,1,1,0,30,30,0,0,0
653,0,652,654,659,660,0,0,0,0,0,0,0,0,1,1,1,0,30,30,0,0,0
654,0,653,655,660,661,0,0,0,0,0,0,0,0,1,1,1,0,30,30,0,0,0
655,0,654,656,661,662,0,0,0,0,0,0,0,0,1,1,1,0,30,30,0,0,0
656,0,655,657,662,663,0,0,0,0,0,0,0,0,1,1,1,0,30,30,0,0,0
657,0,656,658,663,664,0,0,0,0,0,0,0,0,1,1,1,0,30,30,0,0,0
658,0,657,659,664,665,0,0,0,0,0,0,0,0,1,1,1,0,30,30,0,0,0
659,0,658,660,665,666,0,0,0,0,0,0,0,0,1,1,1,0,30,30,0,0,0
660,0,659,661,666,667,0,0,0,0,0,0,0,0,1,1,1,0,30,30,0,0,0
661,0,660,662,667,668,0,0,0,0,0,0,0,0,1,1,1,0,30,30,0,0,0
662,0,661,663,668,669,0,0,0,0,0,0,0,0,1,1,1,0,30,30,0,0,0
663,0,662,664,669,670,0,0,0,0,0,0,0,0,1,1,1,0,30,30,0,0,0
664,0,663,665,670,671,0,0,0,0,0,0,0,0,1,1,1,0,30,30,0,0,0
665,0,664,666,671,672,0,0,0,0,0,0,0,0,1,1,1,0,30,30,0,0,0
666,0,665,667,672,673,0,0,0,0,0,0,0,0,1,1,1,0,30,30,0,0,0
667,0,666,668,673,674,0,0,0,0,0,0,0,0,1,1,1,0,30,30,0,0,0
668,0,667,669,674,675,0,0,0,0,0,0,0,0,1,1,1,0,30,30,0,0,0
669,0,668,0,675,676,0,0,0,0,0,0,0,0,0.153,1,1,0,30,30,0,0,0
